"user_id","user_name","popularity","user_location","tweet_msg"
"2348878033","Noticias Perú 🇵🇪😷☣️","11.848662399132593","#PERÚ / EUROPA / #ASIA / LatAm","Francisco Sagasti: Paro de transportistas debe resolverse hoy ""de una forma u otra"" https://t.co/TbjpMebQ1D #FranciscoSagasti #parodetransportistas #huelga #protesta https://t.co/fWuBeznhUX"
"1170900751918518272","Luis Javier M.","0.13886861694363936","Lima, Perú ","#Difusión En el tercer día de Paro de Transportista, en Santa Clara de la Carretera Central, manifestantes siguen en pie de lucha. Las vías de conducción están bloqueadas debido a la medida de protesta de los conductores.\n\nVideo: Zandra Carbajal / FAC \n\n#ParoDeTransportistas https://t.co/uOUtHVxeuQ"
"3100534323","Noticias | Política | Perú","0.2864947142350758","Lima, Perú","Francisco Sagasti: Paro de transportistas debe resolverse hoy ""de una forma u otra"" https://t.co/90dUFyvALD #FranciscoSagasti #parodetransportistas #huelga #protesta https://t.co/LtlYD300BA"
"729769470764322816","#Perú #NewsWeek","0.6209470589461832","Lima, Peru","Paro de transportistas: Mercados solo tendrían abastecimiento de fruta hasta el sábado si continúa la paralización https://t.co/K1hO5e3hbQ #parodetransportistas #Mercados #Midagri https://t.co/GtirjVfL7f"
"2348878033","Noticias Perú 🇵🇪😷☣️","11.850747513501116","#PERÚ / EUROPA / #ASIA / LatAm","Carreteras son bloqueadas en 21 regiones y no hay solución a la vista - https://t.co/xitZDb2Lz3 https://t.co/hphduEHuVO #Impresa #Parodetransportistas #PoderEjecutivo #CarreteraCentral https://t.co/R5y9qJYv41"
"12341652","Christopher","0.7769136137117121","R. I. de Arequipa","Es fácil para el caviar-socialista #Sagasti encerrarnos en #SemanaSanta, pero para subsidiar el combustible temporalmente y acabar con el #ParoDeTransportistas no es nada socialista. ¡HDP!"
"1201978464921886720","Ecorazonar","0.0992514439417002","","🚨Desde Eco-Razonar, nos pronunciamos en solidaridad por el paro de transportistas que está en el cuarto día de protesta. Diálogo con voluntad de solución YA 🚨 #ParoDeTransportistas https://t.co/9ACV3Lk5dP"
"2348878033","Noticias Perú 🇵🇪😷☣️","11.849704956316854","#PERÚ / EUROPA / #ASIA / LatAm","La Victoria: Mercado Mayorista de Frutas aún está abastecido, pero hoy ingresó poca mercadería [VIDEO] https://t.co/02hJLsgEoG #Parodetransportistas #LaVictoria #MercadoMayoristadeFrutas https://t.co/11kTSctA89"
"527506722","Panamericana Noticias","69.44786171521508","Lima, Perú","#FranciscoSagasti sobre #ParoDeTransportistas: “Hoy debe resolverse este tema de una forma u otra” ► https://t.co/Ddxl5y5LIk"
"2348878033","Noticias Perú 🇵🇪😷☣️","11.850747513501116","#PERÚ / EUROPA / #ASIA / LatAm","Violeta Bermúdez: Con la mayoría de representantes ya se llegó a un acuerdo - https://t.co/xitZDb2Lz3 https://t.co/jDJG9Pvn0c #VioletaBermúdez #transporte #Parodetransportistas https://t.co/M7dU769RdY"
"2348878033","Noticias Perú 🇵🇪😷☣️","11.851790070685377","#PERÚ / EUROPA / #ASIA / LatAm","Paro de transportistas: con piedras, palos y quema de llantas bloquearon la Carretera Central - El Comercio Perú https://t.co/vXePsDbaG4 #parodetransportistas #huelgadetransportistas #bloqueodevías https://t.co/kbrXjUeQzo"
"2348878033","Noticias Perú 🇵🇪😷☣️","11.850747513501116","#PERÚ / EUROPA / #ASIA / LatAm","Paro de transportistas: manifestantes permiten paso de mototaxis y automóviles en la Carretera Central [VIDEO] https://t.co/gurO5bvZGb #Parodetransportistas #MTC #CarreteraCentral #Ate https://t.co/Ki4KH33eBE"
"1317748891","#NoMásBESTIAS en el Poder: #MarcaElTren 🚄🚆","4.253007777476594","Lima - Perú","Candidato @HDeSotoPeru: “He sido invitado para intermediar el #ParoDeTransportistas y darle solución”. \nAnte PASIVIDAD del gobierno d #Sagasti, la Federación Nacional d Autos Colectivos del Perú convoca al candidato MÁS DIALOGANTE y CONCILIADOR para solucionar el conflicto social https://t.co/5RvmIa7gmL"
"527506722","Panamericana Noticias","69.44369148647803","Lima, Perú","#ParoDeTransportistas continúa luego que #MTC y gremios no llegaron a un acuerdo ► https://t.co/zojvgj25t0 https://t.co/8fNZRBoo5B"
"2348878033","Noticias Perú 🇵🇪😷☣️","11.850747513501116","#PERÚ / EUROPA / #ASIA / LatAm","Violeta Bermúdez: Hacemos una invocación para que levanten bloqueo de carreteras - https://t.co/xitZDb2Lz3 https://t.co/PIuTO6nW7B #VioletaBermúdez #PCM #PoderEjecutivo #Parodetransportistas https://t.co/Swcz25fVoU"
"1170900751918518272","Luis Javier M.","0.16284743218165518","Lima, Perú ","#Difusión Después de la jornada del Paro de Transportistas en Arequipa, la policía ha detenido a muchos conductores en esta noche. Las medidas de protesta serán indefinidas hasta que sean escuchados por la autoridades.\n\nVideo: El Pepe - Arequipa\n\n#ParoDeTransportistas\n#Arequipa https://t.co/giYmtrqWZy"
"260417898","Ediciones Yana Unancha (Bandera Negra - Lima)","0.062344919618841095","Lima","Empiezan las detenciones en Arequipa  tras las jornadas del Paro de Transportistas a nivel nacional \n#ParoDeTransportistas \n#ParoNacional https://t.co/9VIN9Z1OAS"
"2348878033","Noticias Perú 🇵🇪😷☣️","11.854917742238161","#PERÚ / EUROPA / #ASIA / LatAm","Política:  Hernando de Soto: “He sido invitado para intermediar el paro de transportistas y darle solución” - El Comercio Perú https://t.co/gKW1EcYRqI #HernandodeSoto #Parodetransportistas #Elecciones2021 https://t.co/GU0zUn747a"
"1370923475288924163","Lizbeth Saiko","0.00020851143685231136","","#HernandoDeSoto #ParoDeTransportistas"
"1269842510081335297","9Artes","0.003961717300193916","","@lizbeth30091553 #HernandoDeSoto  resolverá el #ParoDeTransportistas 👍👍👍"
"2348878033","Noticias Perú 🇵🇪😷☣️","11.8538751850539","#PERÚ / EUROPA / #ASIA / LatAm","Gremio de transporte terrestre: “La situación se está saliendo de las manos porque el Gobierno no da respuestas concretas” - El Comercio Perú https://t.co/j5Z8XSvyXf #parodetransportistas #transporteterrestre https://t.co/Fvot5m19cg"
"757657538200473600","Dmarsi15","0.22686044329531474","Lima, Perú","#ParoDeTransportistas y el gobierno? Sentado como su presidente, sin hacer nada."
"720780960","Omar 👁️‍🗨️","2.0006672365979274","Lima, Peru","@canalN_ Esto va para el #ParoDeTransportistas en #Peru🇵🇪. No es cuestion del gobierno, sino internacional, a muchos paises el alza de combustible esta afectando. Internacionalmente la OPEP esta recortando el suministro de petroleo a paises PARA aliviar el inventario de petroleo acumulado https://t.co/Rsds0sktOY"
"2348878033","Noticias Perú 🇵🇪😷☣️","11.850747513501116","#PERÚ / EUROPA / #ASIA / LatAm","Gremio de transporte terrestre: “La situación se está saliendo de las manos porque el Gobierno no da respuestas concretas” - El Comercio Perú https://t.co/LKNvTXAZ9v #parodetransportistas #transporteterrestre https://t.co/RDygBW74wF"
"2348878033","Noticias Perú 🇵🇪😷☣️","11.850747513501116","#PERÚ / EUROPA / #ASIA / LatAm","Política:  EN VIVO | Paro nacional de transportistas de carga: sigue aquí el minuto a minuto y los puntos bloqueados en todo el país - El Comercio Perú https://t.co/VRk6CS3bjg #parodetransportistas #MTC #diésel #transportistas #peajes https://t.co/sUkbiiSYRa"
"1347230261633818625","Konnie Vidaurre #A5️⃣","0.11634938176358973","Lima, Peru","El plan de gobierno de una hoja, un lagarto con las horas contadas y el paro  de transportistas que puede dejar sin vida a un compatriota por la falta  del ejecutivo. \n¡Entérate de lo que sucede en nuestro país en #KonnieNews📳!\n#Lagarto\n#theeconomist\n#ParoDeTransportistas https://t.co/uk5tjogRH3"
"107428718","Defensoría Perú","99.20995016576659","Perú","#Pronunciamiento Frente al #ParoDeTransportistas en el que se han registrado bloqueos de vías, hechos de violencia, problemas en el traslado de #oxígeno, etc., instamos a manifestantes a levantar medida de fuerza y no afectar los derechos de la ciudadanía👉https://t.co/GVohDIrA6a https://t.co/tHllcNhok6"
"107428718","Defensoría Perú","99.29022706895474","Perú","#ParoDeTransportistas Demandamos pronta liberación de carreteras bloqueadas que ponen en riesgo el abastecimiento de #oxígeno medicinal en los establecimientos de salud a nivel nacional, y la vida de las y los pacientes con #COVID_19 que requieren el medicamento. #DerechoALaSalud https://t.co/gVqDhUyIbt"
"585985819","Nuevo Tiempo Perú","2.8111511916428618","Lima - PERU","El #ParoDeTransportistas logró cerrar varias vías de transporte en el territorio nacional, sin embargo, hay una vía que no podrá ser bloqueada. ¿Quieres saber cuál es? Aquí te lo compartimos:\nhttps://t.co/5uonTFnOuK"
"107428718","Defensoría Perú","99.18909902208136","Perú","""El #ParoDeTransportistas estaba previsto, se realizaron reuniones entre el @MTC_GobPeru y el gremio de transportistas. En la plataforma de reclamos, hay temas que requieren tratamiento técnico y acciones prolongadas”, señaló Rolando Luque de @Defensoria_Peru https://t.co/E9iwcAsv4p"
"1559404615","Mario Ríos - JP7️⃣","0.1465835401071749","","40 toneladas de oxígeno varados por el paro de transportistas, miles de vidas en riesgo y Sagasti sigue sin salir de Palacio para resolver los problemas del país. Miles muriendo, Colas larguísimas para conseguir oxígeno y la respuesta del Gobierno es tibia. #ParoDeTransportistas"
"3297121265","KaiZurus","0.007923434600387831","Hyperspace","#ParoDeTransportistas\nLas personas tenemos suficiente con la pandemia y el trabajo duro. Ahora, un sector quiere joder aún más a medio país.\nEstá bien que hagan \r\nsu paro, pero no paralicen las carreteras. ¿Dónde están las Fuerzas Armadas para restablecer el orden?"
"163315177","Saúl Mendoza","0.02773202110135741","Lima, Perú","El #ParoDeTransportistas, rodando con la bici para llegar a destino https://t.co/1Ik0vGKpdW"
"2348878033","Noticias Perú 🇵🇪😷☣️","11.852832627869638","#PERÚ / EUROPA / #ASIA / LatAm","Bloquean vía Huancayo - Huancavelica en segundo día de paro indefinido de transportistas (VIDEO) - Diario Correo https://t.co/to7dsXPWWy #Bloqueo #ParodeTransportistas #Huancayo #Huancavelica https://t.co/tJP8Y3zeMx"
"729769470764322816","#Perú #NewsWeek","0.6209470589461832","Lima, Peru","Paro de transportistas: ¿Cuáles son los alimentos que más han subido de precio en el mercado? https://t.co/eiOXE3SWRs #Parodetransportistas #Mercado #Midagri https://t.co/qe5wvXLohN"
"1244582252895514624","𝑳𝒖𝒊𝒔 𝑺𝒖𝒂𝒓𝒆𝒛 𝑺𝒂𝒏𝒄𝒉𝒆𝒛 😎","0.15888571488146125","Chimbote, Peru","Sabran los medios que esta ocurriendo #ParoDeTransportistas"
"82243497","Juan Manuel","0.020851143685231135","","Parece que en esta red social se olvida que hay un paro de transportistas. No veo a los que se indignan siempre informando la situación al interior. \n#ParoDeTransportistas"
"107428718","Defensoría Perú","99.23914176692591","Perú","#Ayacucho Tras coordinar con @PoliciaPeru y dialogando con los manifestantes, logramos que carretera de salida hacia #Andahuaylas, #Cangallo y #Cusco sea liberada, en el tercer día de #ParoDeTransportistas. Pasajeras/os, podrán continuar con sus viajes de ida y vuelta a la región https://t.co/VGIqeXYzG8"
"107428718","Defensoría Perú","99.19639692237119","Perú","#Tacna Monitoreamos #ParoDeTransportistas de carga e interprovinciales para garantizar el derecho a la protesta y la no vulneración del #DerechoALaSalud. Demandamos permitir el traslado de pacientes derivados a otras regiones y el transporte de #oxígeno medicinal. https://t.co/WtSiEc2o9Q"
"354926578","Diana García","0.0900769407201985","Piura, Peru","#Piura. Carreteras bloqueadas, un bus quemado y un alza de precios de los productos de primera necesidad, dejó hasta ayer, el paro de transporte de carga pesada. De continuar medida, mercados empezarán a sufrir desabastecimiento\n#ParoDeTransportistas https://t.co/JBPAAOxEzw"
"12341652","Christopher","0.7769136137117121","R. I. de Arequipa","Continúa el #ParoDeTransportistas #Perú https://t.co/JsV0Tl2qQW"
"982660507608977409","Bean","0.010217060405763256","Perú","Me solidarizo con el paro nacional de transportistas.\nMucha fuerza para que puedan lograr todos sus objetivos!\n🙌\n#ParoDeTransportistas"
"809420911","sara","0.06526407973477345","pueblo paleta","Por qué  carajos no veo noticias sobre el #ParoDeTransportistas ? será  porque que no afecta a la Lima(centro) e.e"
"199852395","L U C I E R N A G A ✨","0.08882587209908463","Perú","Los camiones con oxígeno no pueden pasar por el #ParoDeTransportistas y el gobierno es incapaz de hacer uso de la fuerza para salvar personas.\n¿En qué clase de país vivimos?"
"2348878033","Noticias Perú 🇵🇪😷☣️","11.851790070685377","#PERÚ / EUROPA / #ASIA / LatAm","MTC y transportistas reanudan hoy diálogo para encontrar una solución al paro [VIDEO] https://t.co/7855mZWJ5Q #MTC #Parodetransportistas https://t.co/mCORzcqEVC"
"107428718","Defensoría Perú","99.18284367897579","Perú","""En los establecimientos médicos hay 16 314 pacientes que necesitan #oxígeno medicinal, el #ParoDeTransportistas afecta el #DerechoALaSalud”, Alicia Abanto de @Defensoria_Peru Vía @RPPNoticias"
"145498482","Ciro, el pollito de feria que se negaba a morir","1.0994808065222377","Limón gris - Perú","el #ParoDeTransportistas es algo de lo que se debería hablar más ahora, porque ellos son algo CRUCIAL para el desarrollo del país y peor en esta situación, y pues \r\nsus pedidos no son descabellados, porque sí su paro jode todo pero es la única forma de hacerse escuchar"
"92059884","Roberto J. Bolivar Plenge","0.011259617590024813","Chiclayo, Peru","Los camiones con oxígeno no pueden pasar por el paro de transportes y el gobierno es incapaz de hacer uso legal de la fuerza para salvar personas.\n\n¿En qué clase de país vivivmos?\n\n#ParoDeTransportistas #oxigenoparaelpueblo"
"809420911","sara","0.02981713546988052","pueblo paleta","#ParoDeTransportistas entrada de ñaña y carapongo están cerradas uu"
"1170900751918518272","Luis Javier M.","0.16806021810296295","Lima, Perú ","#Difusión En este testimonio de parte de trasportistas localizados en Huachipa en la Carretera Central, relatan sus verdaderas demandas por la que han iniciado sus medidas de luchas desde el día lunes 15 de marzo.\n\nVideo: Zandra Carbajal /FAC\n\n#ParoDeTransportistas https://t.co/UJPZ6YNR9u"
"2348878033","Noticias Perú 🇵🇪😷☣️","11.849704956316854","#PERÚ / EUROPA / #ASIA / LatAm","Chosica: trasladan balones de oxígeno en ambulancias para poder pasar bloqueos de los transportistas [VIDEO] https://t.co/mDzIa56aTX #Chosica #COVID19 #Coronavirus #Parodetransportistas https://t.co/xQOCQOCrlk"
"729769470764322816","#Perú #NewsWeek","0.6219896161304448","Lima, Peru","Paro de transportistas provocará desabastecimiento de gas natural y GLP en regiones, según la SNMPE https://t.co/vDp6CNQF7x #SNMPE #parodetransportistas #Combustibles #GLP https://t.co/Qc4EFWJBJj"
"1170900751918518272","Luis Javier M.","0.1618048749973936","Lima, Perú ","#Difusión En el tercer día del Paro de Transportistas, en Santa Clara en la Carretera Central, los manifestantes siguen en pie de lucha hasta que sus demandas sean escuchadas.\n\nFotografías: Gian Marco Masko Angulo / FAC\n\n#ParoDeTransportistas https://t.co/J3nKWzgiM9"
"1327713337266872320","Flor Rojas","0.0010425571842615567","","#VivaElParo\n#ParodeTransportistas\n#Chanchamayo\n#ParodeCamioneros https://t.co/SKRPTRdJUg"
"2348878033","Noticias Perú 🇵🇪😷☣️","11.849704956316854","#PERÚ / EUROPA / #ASIA / LatAm","Paro de transportistas: desorden y quema de llantas bloquea Carretera Central y otras vías | FOTOS - El Comercio Perú https://t.co/O7k3P446na #CarreteraCentral #Parodetransportistas #Diesel https://t.co/Rd52FyVuft"
"1034534983224967168","CICR_LIMA","0.4791592818866115","","Durante el #ParoDeTransportistas en Perú 🇵🇪 , es necesario permitir el paso y retorno de las ambulancias, así como del personal médico 🚑 👩‍⚕️ 👨‍⚕️ .\n\nFrente a una emergencia, hay vidas que dependen de ello. https://t.co/Brqn100hwN"
"1282883556172271617","VideosDeEcuador","2.322400383661044","","#ParoDeTransportistas \n#ULTIMAHORA\n\nReportan un Paro de Transportistas a la altura de la Vía Quito - Santo Domingo sector Aloag ..\n\nLos transportistas reclaman la subida del Precio de Diésel https://t.co/qvqIQVpR8X"
"2259783498","Sumo","0.0010425571842615567","Lima, Peru","Soluciones al problema del paro:\n- Continuar con la devolución del ISC del diesel.\n- Cancelar el ISC al diesel... no tiene sentido, que un elemento importante para el transporte de carga tenga ISC como si se tratara de cerveza o cigarros.\n#ParoDeTransportistas \n(1/2)"
"471066200","Alvina Ruiz","11.74565774932755","Lima, Perú","Convoy con oxígeno medicinal traído desde Chile no puede partir de Tacna hacia Lima por bloqueo de Carretera panamericana sur. #ParoDeTransportistas #Perú https://t.co/U1gZgWcWbQ"
"2348878033","Noticias Perú 🇵🇪😷☣️","11.850747513501116","#PERÚ / EUROPA / #ASIA / LatAm","Paro de transportistas: terminales terrestres de Lima permanecen cerrados por tercer día consecutivo https://t.co/UtQ4panOB6 #LaVictoria #Yerbateros #Parodetransportistas https://t.co/I5geCO9rfI"
"20353585","Sr. Cerdazzo, el Tecnomago","0.8713692946058091","Global Frequency. Asgardia","A ver pues, ¿Quiénes son los asesinos ahora?\n#ParoDeTransportistas https://t.co/GmCtTXQav1"
"1042839306795188231","Paul Sergio","0.2862862027982235","Perú","Carretera hacia chiclayo bloqueada por el #ParoDeTransportistas  esto ocurre en el puente de Motupe.\n#Lambayeque https://t.co/SIpp4Qo80X"
"190017511","Diario La Industria","4.849558998311057","Trujillo, La Libertad, Perú","#ParoDeTransportistas Paro indefinido generó una enorme congestión vehicular en Panamericana. El caos sigue en San Pedro de Lloc y en Pacasmayo. Al cierre de esta edición, vía fue cerrada en Chepén.\n\nhttps://t.co/dBhTrueusE"
"129984527","𝑩𝒓𝒆𝒏𝒅𝒂 𝑨𝒎𝒂𝒍𝒊𝒂💜","0.07026835421922892","Trujillo-Perù","¿Ya se pronunció el Gobierno  por el #ParoDeTransportistas o esperan  primero muera alguién y desabastecimiento?"
"2348878033","Noticias Perú 🇵🇪😷☣️","11.849704956316854","#PERÚ / EUROPA / #ASIA / LatAm","Transportistas bloquean la Carretera Central: decenas de personas caminan por horas para llegar a su destino - RPP Noticias https://t.co/UmqDJBf73h #Ate #CarreteraCentral #Transportistasdecarga #Parodetransportistas https://t.co/iNDpBZ7GOH"
"729769470764322816","#Perú #NewsWeek","0.6219896161304448","Lima, Peru","Paro de Transportistas: Mercados podrían aguantar dos días más antes de desabastecerse totalmente https://t.co/YCHJ6MtADm #Mercado #ParodeTransportistas https://t.co/Pp56M8Zi2B"
"2348878033","Noticias Perú 🇵🇪😷☣️","11.849704956316854","#PERÚ / EUROPA / #ASIA / LatAm","Paro de transportistas: manifestantes revientan llantas de vehículos que intentan cruzar bloqueo [VIDEO] https://t.co/vLnFVliRHr #CarreteraCentral #Parodetransportistas #Ate #SantaClara https://t.co/7DMLdbh26O"
"2348878033","Noticias Perú 🇵🇪😷☣️","11.854917742238161","#PERÚ / EUROPA / #ASIA / LatAm","Precios de productos se elevan en el Mercado Mayorista tras paro - https://t.co/xitZDb2Lz3 https://t.co/YhudNJCHOV #Parodetransportistas #MercadodeSantaAnita https://t.co/f7Awm8ohV8"
"2348878033","Noticias Perú 🇵🇪😷☣️","11.850747513501116","#PERÚ / EUROPA / #ASIA / LatAm","Paro de transportistas: ingresan menos productos al Mercado Mayorista de Santa Anita, pero aún no hay desabastecimiento [VIDEO] https://t.co/zmV6MWB5vH #MercadoMayoristadeSantaAnita #SantaAnita #Parodetransportistas https://t.co/adzLL0BGO9"
"2348878033","Noticias Perú 🇵🇪😷☣️","11.849704956316854","#PERÚ / EUROPA / #ASIA / LatAm","Transportistas bloquean la Carretera Central: decenas de personas caminan por horas para llegar a su destino https://t.co/nkS8W8ZP4G #Ate #CarreteraCentral #Transportistasdecarga #Parodetransportistas https://t.co/ouOothUjyk"
"2348878033","Noticias Perú 🇵🇪😷☣️","11.849704956316854","#PERÚ / EUROPA / #ASIA / LatAm","Bloquean vía Huancayo - Huancavelica en segundo día de paro indefinido de transportistas (VIDEO) - Diario Correo https://t.co/e3KxkkCBXy #Bloqueo #ParodeTransportistas #Huancayo #Huancavelica https://t.co/gC2M3y8xUG"
"2348878033","Noticias Perú 🇵🇪😷☣️","11.850747513501116","#PERÚ / EUROPA / #ASIA / LatAm","Piura: Queman bus en vía Piura - Sullana durante el paro de transportistas [VIDEO] - RPP Noticias https://t.co/T7Sd1nW6ZH #Piura #Parodetransportistas #queman #bus #alzadecombustibles https://t.co/uGMSlIXzYl"
"2348878033","Noticias Perú 🇵🇪😷☣️","11.8538751850539","#PERÚ / EUROPA / #ASIA / LatAm","Bloquean vía Huancayo - Huancavelica en segundo día de paro indefinido de transportistas (VIDEO) - Diario Correo https://t.co/45p9qrmCqG #Bloqueo #ParodeTransportistas #Huancayo #Huancavelica https://t.co/cHGD5Els37"
"151661110","Arthur","0.02314476949060656","Lima - Peru","Salí del trabajo a las 7pm y llegue a casa a las 11:20pm! Y nadie habla del paro de transportistas, todos los que vivimos en Lima este perjudicados!!!#ParoDeTransportistas https://t.co/Loa7PxwfVL"
"97303384","CLARA","0.015846869200775663","UNMSM","#ParoDeTransportistas pinchar llantas y romper parabrisas a buses de transportes publico no es la solución 👆. Muchos peruanos necesitan llegar a su hogar"
"1170900751918518272","Luis Javier M.","0.2806563940032111","Lima, Perú ","#Difusión En Huachipa, en la Carretera Central, la protesta se sigue, debido a que rechazan el alza del precio del combustible. Los manifestantes continúan en pie de lucha en estos momentos. \n  \nFotografías: Gian Marco Masko Angulo/ FAC \n\n#ParoDeTransportistas https://t.co/pVRwD7Xe4Z"
"2348878033","Noticias Perú 🇵🇪😷☣️","11.849704956316854","#PERÚ / EUROPA / #ASIA / LatAm","Bloquean vía Huancayo - Huancavelica en segundo día de paro indefinido de transportistas (VIDEO) - Diario Correo https://t.co/meyzpxTMGt #Bloqueo #ParodeTransportistas #Huancayo #Huancavelica https://t.co/mDr74QYs2Y"
"2348878033","Noticias Perú 🇵🇪😷☣️","11.849704956316854","#PERÚ / EUROPA / #ASIA / LatAm","Política:  EN VIVO | Paro de transportistas de carga: conoce aquí los puntos bloqueados en todo el país - El Comercio Perú https://t.co/42sdneWLgA #parodetransportistas #MTC #diésel #transportistas #peajes https://t.co/OMJCVi74KN"
"2582629795","OjoPúblico","27.48576909443483","Lima, Perú","#ParoDeTransportistas La Carretera Central, a la altura de Huachipa, continúa bloqueada por los transportistas que acatan por segundo día consecutivo un paro indefinido a nivel nacional. Los ciudadanos deben caminar para sortear los piquetes. Fotos: Gian Masko. https://t.co/jMa0PNH3gB"
"2348878033","Noticias Perú 🇵🇪😷☣️","11.849704956316854","#PERÚ / EUROPA / #ASIA / LatAm","Política:  EN VIVO | Paro de transportistas de carga: conoce aquí los puntos bloqueados en todo el país - El Comercio Perú https://t.co/ZN4XPa9fbB #parodetransportistas #MTC #diésel #transportistas #peajes https://t.co/c70Bq6W8Gy"
"242980890","Katherine Klec","0.07735774307220751","Lima - Perú","¡URGENTE! Se agrava la situación en la carretera central por el #ParoDeTransportistas a la altura de Huaycan. \nImagínense, en esa ambulancia pueden estar trasladando a un paciente covid. \n\nAsí de mal estamos en el Perú 🇵🇪 @PoliciaPeru @FSagasti https://t.co/C2ecseB8ae"
"2348878033","Noticias Perú 🇵🇪😷☣️","11.849704956316854","#PERÚ / EUROPA / #ASIA / LatAm","Paro de transportistas: miembros del Gobierno se reúnen con representantes del gremio para dar solución a reclamos - El Comercio Perú https://t.co/kSASLYv9Oq #Parodetransportistas #MTC https://t.co/jLehHU9UkY"
"160099487","@Solcita 🌤","0.8609437227631935","Perú","Dónde coño está el #TragaCupcakes... 🤬🤬🤬🤬\nHasta cuándo tendremos que sufrir está inoperancia y este descontrol.\n#ParoNacional\n#ParoDeTransportistas\n\n#RafaelEnPrimeraVuelta https://t.co/B2fwRgO1Nw"
"2582629795","OjoPúblico","27.47951375132926","Lima, Perú","#ParoDeTransportistas Los representantes del Gremio Nacional de Transportistas y Conductores del Perú se reúnen con el @MTC_GobPeru en busca de una solución a sus demandas: reducción del precio del combustible y peajes y vacunación a los conductores. Foto: MTC https://t.co/xhUSZQUWw1"
"1170900751918518272","Luis Javier M.","0.15346441752330114","Lima, Perú ","#Difusión En la Carretera Central del Distrito de Ate, el Paro de Transportistas sigue en pie de lucha, debido a que están en contra del alza del precio del combustible. \n\n#ParoDeTransportistas https://t.co/2k6oREzg7q"
"1240806145398198272","Hechos #YoMeQuedoEnCasa","0.0","Lima, Perú","#LoÚltimo | Paro de transportistas de carga sigue en marcha al no llegar a un acuerdo por parte del Gobierno. Las autoridades no dan solución a un petitorio que se viene presentando desde hace dos años.\n\n#ParoDeTransportistas #Perú \n\nhttps://t.co/pexgNvPSVW"
"164536287","Carlos Landauro Castro Cuba","0.06943430847181968","Barranco, Peru","Este paro en protesta de alza de combustibles la deberíamos hacer todos los peruanos. \n\n¿Por qué tenemos que pagar la gasolina más cara de Sudamérica (sino \r\ndel mundo) si somos un país tercermundista?? \n\n#NoTePases !!! \n\n#ParoDeTransportistas"
"1034534983224967168","CICR_LIMA","0.4624783669384266","","Ante el #ParoDeTransportistas, recuerda ceder el paso a las ambulancias 🚑.\n\nEsa persona que necesita atención de emergencia puedes ser tú o alguien que quieres.\n\nLos vehículos sanitarios también transportan medicinas vitales durante la emergencia por #Covid_19."
"2348878033","Noticias Perú 🇵🇪😷☣️","11.851790070685377","#PERÚ / EUROPA / #ASIA / LatAm","Paro de transportistas: miembros del Gobierno se reúnen con representantes del gremio para dar solución a reclamos - El Comercio Perú https://t.co/YbLTARL8oi #Parodetransportistas #MTC https://t.co/yEHxdzkM8s"
"2582629795","OjoPúblico","27.478471194144998","Lima, Perú","#ParoDeTransportistas La Federación de Trabajadores de #Arequipa anunció que este jueves se sumarán al paro nacional y marcharán por las principales calles de la ciudad en señal de rechazo al precio alto de los combustibles. Foto: Elmer Mamani https://t.co/JdY6ZqvLht"
"527506722","Panamericana Noticias","69.44807022665194","Lima, Perú","#ParoDeTransportistas: Gobierno se reúne con miembros de gremio para atender demandas ► https://t.co/40jtHBVxyK https://t.co/tyyzFof1e5"
"1252053856738963456","Jacky Mc","0.7483475468629455","Lima","#ParoDeTransportistas!!  Trabaja  @FSagasti!!  Hay Ministro de Transportes y Comunicaciones?? https://t.co/8jeAzM6Fmt"
"2348878033","Noticias Perú 🇵🇪😷☣️","11.850747513501116","#PERÚ / EUROPA / #ASIA / LatAm","Política:  Paro de transportistas: miembros del Gobierno se reúnen con representantes del gremio para dar solución a reclamos - El Comercio Perú https://t.co/z2H4iy3Xmp #Parodetransportistas #MTC https://t.co/sB739O4q4k"
"832686254873468929","Diario Perú21","100.0","","#ParoDeTransportistas\n\n📌 Miembros del Gobierno se reúnen con representantes del gremio de transportistas de carga pesada para dar solución a reclamos https://t.co/WBt58pdqVu\n\n🔴 Entre los reclamos de este sector está el elevado precio del combustible y de los peajes."
"2479054435","Chihiro Lunar✨","0.1597197606288705","Lima, Peru","Es notable que como esto no afecta Lima (o todavía no sienten el impacto) nadie está hablando del #parodetransportistas qué bárbaro, es a nivel nacional pero no pareciese, aquí los por qué de este paro y las demandas, a ver si rebotamos esto también. https://t.co/XzRL85jevG"
"2582629795","OjoPúblico","27.490981880356138","Lima, Perú","#ParoDeTransportistas En #Cusco los conductores de taxi y transporte colectivo urbano se sumaron al paro nacional. Ellos protestan en el centro histórico de la ciudad contra el alza del precio del combustible y los peajes. Fotos: Clarys Cárdenas https://t.co/j9mHlNBr8I"
"3100534323","Noticias | Política | Perú","0.2864947142350758","Lima, Perú","MTC inició diálogo con gremio de transportistas de carga [VIDEO] https://t.co/R2QbUk5tSa #MTC #Parodetransportistas #Callao https://t.co/YVLkDFWhpD"
"2582629795","OjoPúblico","27.500364895014492","Lima, Perú","#ParoDeTransportistas En #Cusco los manifestantes protestan en el centro histórico de la ciudad contra el alza del precio de los combustibles y el costo de los peajes. La policía resguarda la movilización. Vídeo: Clarys Cárdenas https://t.co/Um7Cx93PLs"
"4429727542","NO PASA NADA","0.09070247503075543","Jaen, Peru","#Jaén #Paro\n#parodetransportistas\n🔴EN BALSAHUAYCO Y SAN AGUSTÍN TRANSPORTISTAS BLOQUEAN PASE ACATANDO PARO CONVOCADO PARA HOY\n\nFuente: Radio Marañón https://t.co/toQ84NHueT"
"41465169","Joel Saíto","0.41431222502554266","Perù","#parodetransportistas #Trujillo https://t.co/Rygcp0mwAy"
"119761795","Lucho Durán","0.38991638691382224","Lima - Perú","Hoy hay #ParoDeTransportistas y la problemática es muy compleja. 👀👇🏾lo que plantea quien ha vivido en carne propia el problema del sector.\nCon @julioguzmanperu, @FlorPabloMedina, @lismelendezpm y #El8Morado queremos #Libertad y #Progreso para todos porque siempre #TuAlCentro https://t.co/AWsFiaeja7"
"2582629795","OjoPúblico","27.500364895014492","Lima, Perú","#ParoDeTransportistas En #Junín, los transportistas han bloqueado los principales puentes y la Carretera Central con piedras, a la altura de Pachacayo, en La Oroya. Los vehículos de carga pesada no pueden avanzar hacia Huánuco y la Amazonía. Foto: Yoselin Alfaro. https://t.co/uaJWThdk2K"
"2348878033","Noticias Perú 🇵🇪😷☣️","11.8538751850539","#PERÚ / EUROPA / #ASIA / LatAm","Suben precios de algunos productos en los mercados de Lima debido al paro de transportistas de carga [VIDEO] https://t.co/cqqxQQ9Jkf #Parodetransportistas #Lima #MercadodeCaquetá #MercadoLobatón https://t.co/oeuojzuio6"
"2582629795","OjoPúblico","27.48055630851352","Lima, Perú","#ParoDeTransportistas En #Cusco los protestantes bloquearon los principales accesos a la provincia y la carretera que conecta con la región Apurímac. El servicio de transporte público también está suspendido. Fotos: Provías Nacional https://t.co/ohutCdAwRo"
"2582629795","OjoPúblico","27.482641422882047","Lima, Perú","#ParoDeTransportistas En #Tumbes los manifestantes han bloqueado el ingreso a la ciudad y la ruta hacia Zarumilla, en la frontera con Ecuador. La Policía intenta despejar la vía. Foto: Noticias Tumbes https://t.co/DHIdqnf0yG"
"2582629795","OjoPúblico","27.51183302404137","Lima, Perú","#ParoDeTransportistas Los manifestantes reclaman por el alza del precio de los combustibles, el costo elevado de los peajes a nivel nacional, entre otras. Solicitan reunirse con una comisión de alto nivel para exponer sus demandas. Video: César Acha. https://t.co/p5HLhRJPpj"
"729769470764322816","#Perú #NewsWeek","0.6199045017619217","Lima, Peru","Mercado: ¿Cómo se encuentran los precios de los productos tras el inicio del paro de transportistas? https://t.co/fUXKQjapzg #Mercado #parodetransportistas #Midagri https://t.co/WKhKbesmjT"
"2582629795","OjoPúblico","27.71304656060385","Lima, Perú","#ParoDeTransportistas En el segundo día de la huelga indefinida, se registran bloqueos en diferentes partes del país. En #Puno, los gremios de transportistas del servicio interregional, interprovincial y urbano acatan la medida. 🧵👇 Fotos: Franz Mamani https://t.co/1WFM0d1wLt"
"2582629795","OjoPúblico","27.46596050793386","Lima, Perú","#ParoDeTransportistas En #Piura los protestantes bloquearon la entrada a la ciudad y la vía Sullana-Paita. Los manifestantes exigen la reducción del precio de la gasolina y \r\nde los peajes que calificaron como ""corruptos"". Video: César Acha. https://t.co/vtFbRDye60"
"2582629795","OjoPúblico","27.46700306511812","Lima, Perú","#ParoDeTransportistas En #Áncash los manifestantes bloquearon, de forma intermitente, la carretera Panamericana Norte, en la provincia de Casma. Como consecuencia, el tránsito de vehículos menores se vio afectado. Fotos: Best Cable/ Keyklin Bernuy https://t.co/XhX4AwFP8H"
"2582629795","OjoPúblico","27.462832836381075","Lima, Perú","#ParoDeTransportistas En #Huánuco, los transportistas bloquearon la carretera Central, a la altura de la localidad de Conchumayo, a las 5 de la mañana y bloquearon el pase de la sierra a la Amazonía. La vía fue liberada horas más tarde."
"2582629795","OjoPúblico","27.508705352488583","Lima, Perú","#ParoDeTransportistas El Gremio Nacional de Transportistas y Conductores de Carga Pesada inició hoy una huelga indefinida para solicitarle al Ejecutivo que elimine el impuesto selectivo al consumo de diésel, reduzca el costo de los peajes y vacune a los conductores. 🧵 Foto: PNP https://t.co/XU9yn7G7y7"
"107428718","Defensoría Perú","99.20682249421381","Perú","#ParoDeTransportistas Demandamos no bloquear vías de comunicación y recordamos que este es un acto ilegal que se agrava cuando se trata de vehículos que transportan #oxígeno, #vacunas y demás material sanitario para combatir la pandemia por #COVID_19. #LasPersonasPrimero https://t.co/AgXPulP5YA"
"2348878033","Noticias Perú 🇵🇪😷☣️","11.850747513501116","#PERÚ / EUROPA / #ASIA / LatAm","Paro de transportistas de carga: ¿En qué regiones y carreteras hay protestas y bloqueos? - RPP Noticias https://t.co/Z5LvHXlUWz #Parodetransportistas #Junín #Ica #Huánuco https://t.co/AqpNRKK8V2"
